{"cameraMode":{"drawMode":0,"name":"Shaded","section":"Shading Mode"},"sceneLighting":true,"audioPlay":false,"sceneViewState":{"showFog":true,"showMaterialUpdate":false,"showSkybox":true,"showFlares":true,"showImageEffects":true,"showParticleSystems":true},"in2DMode":false,"pivot":{"x":0.05112183094024658,"y":3.999093532562256,"z":1.9819166660308838},"rotation":{"x":-0.06204671040177345,"y":0.7227743268013,"z":-0.06545156240463257,"w":-0.6851747035980225},"size":10.0,"orthographic":false}